アウフアクセ,1288,1288,6058,名詞,固有名詞,*,名,*,*,,,
アキンド,1288,1288,6058,名詞,固有名詞,*,名,*,*,,,
アクアレット,1288,1288,6058,名詞,固有名詞,*,名,*,*,,,
アクワイア,1288,1288,6058,名詞,固有名詞,*,名,*,*,,,
アサラ,1288,1288,6058,名詞,固有名詞,*,名,*,*,,,
アッティカ,1288,1288,6058,名詞,固有名詞,*,名,*,*,,,
アッピア街道,1288,1288,6058,名詞,固有名詞,*,名,*,*,,,
アップタウン,1288,1288,6058,名詞,固有名詞,*,名,*,*,,,
アトランティス,1288,1288,6058,名詞,固有名詞,*,名,*,*,,,
穴抜けネズミ,1288,1288,6058,名詞,固有名詞,*,名,*,*,,,
穴掘りモグラ,1288,1288,6058,名詞,固有名詞,*,名,*,*,,,
アバンドンシップ,1288,1288,6058,名詞,固有名詞,*,名,*,*,,,
アフリカーナ,1288,1288,6058,名詞,固有名詞,*,名,*,*,,,
アブディポスト,1288,1288,6058,名詞,固有名詞,*,名,*,*,,,
アブルクセン,1288,1288,6058,名詞,固有名詞,*,名,*,*,,,
アベカエサル,1288,1288,6058,名詞,固有名詞,*,名,*,*,,,
アメリカンレイルズ,1288,1288,6058,名詞,固有名詞,*,名,*,*,,,
アメンラー,1288,1288,6058,名詞,固有名詞,*,名,*,*,,,
あやつり人形,1288,1288,6058,名詞,固有名詞,*,名,*,*,,,
アラカルト 新版,1288,1288,6058,名詞,固有名詞,*,名,*,*,,,
アラビアの壺,1288,1288,6058,名詞,固有名詞,*,名,*,*,,,
アルケミスト,1288,1288,6058,名詞,固有名詞,*,名,*,*,,,
アルハンブラ,1288,1288,6058,名詞,固有名詞,*,名,*,*,,,
アルボス,1288,1288,6058,名詞,固有名詞,*,名,*,*,,,
アロザ殺人事件,1288,1288,6058,名詞,固有名詞,*,名,*,*,,,
アンギャルド,1288,1288,6058,名詞,固有名詞,*,名,*,*,,,
暗黒の大広間,1288,1288,6058,名詞,固有名詞,*,名,*,*,,,
アンダーカバー,1288,1288,6058,名詞,固有名詞,*,名,*,*,,,
アーサー王,1288,1288,6058,名詞,固有名詞,*,名,*,*,,,
アールエコ,1288,1288,6058,名詞,固有名詞,*,名,*,*,,,
いかさまゴキブリ,1288,1288,6058,名詞,固有名詞,*,名,*,*,,,
囲碁,1288,1288,6058,名詞,固有名詞,*,名,*,*,,,
イシス＆オシリス,1288,1288,6058,名詞,固有名詞,*,名,*,*,,,
イスタンブール,1288,1288,6058,名詞,固有名詞,*,名,*,*,,,
イスファハン,1288,1288,6058,名詞,固有名詞,*,名,*,*,,,
１号線で行こう,1288,1288,6058,名詞,固有名詞,*,名,*,*,,,
イチゴリラ,1288,1288,6058,名詞,固有名詞,*,名,*,*,,,
イモムシイモムシ,1288,1288,6058,名詞,固有名詞,*,名,*,*,,,
インカの黄金,1288,1288,6058,名詞,固有名詞,*,名,*,*,,,
インフェルノ,1288,1288,6058,名詞,固有名詞,*,名,*,*,,,
陰謀,1288,1288,6058,名詞,固有名詞,*,名,*,*,,,
イースター島,1288,1288,6058,名詞,固有名詞,*,名,*,*,,,
ウィザード・カードゲーム,1288,1288,6058,名詞,固有名詞,*,名,*,*,,,
ウィ ウィル ウォック ユー!,1288,1288,6058,名詞,固有名詞,*,名,*,*,,,
魚河岸物語,1288,1288,6058,名詞,固有名詞,*,名,*,*,,,
うさぎ狩り,1288,1288,6058,名詞,固有名詞,*,名,*,*,,,
ウサギとハリネズミ,1288,1288,6058,名詞,固有名詞,*,名,*,*,,,
ウボンゴ,1288,1288,6058,名詞,固有名詞,*,名,*,*,,,
ウボンゴ３Ｄ,1288,1288,6058,名詞,固有名詞,*,名,*,*,,,
ウントチュース,1288,1288,6058,名詞,固有名詞,*,名,*,*,,,
ヴァイキング,1288,1288,6058,名詞,固有名詞,*,名,*,*,,,
ヴァルドラ,1288,1288,6058,名詞,固有名詞,*,名,*,*,,,
ヴィラパレッティ,1288,1288,6058,名詞,固有名詞,*,名,*,*,,,
エアラインズ ヨーロッパ,1288,1288,6058,名詞,固有名詞,*,名,*,*,,,
ＳＯＳ急流下り,1288,1288,6058,名詞,固有名詞,*,名,*,*,,,
エスカレーション,1288,1288,6058,名詞,固有名詞,*,名,*,*,,,
エベス,1288,1288,6058,名詞,固有名詞,*,名,*,*,,,
エルカバレロ,1288,1288,6058,名詞,固有名詞,*,名,*,*,,,
エルガウチョ,1288,1288,6058,名詞,固有名詞,*,名,*,*,,,
エルグランデ,1288,1288,6058,名詞,固有名詞,*,名,*,*,,,
エルフェンランド,1288,1288,6058,名詞,固有名詞,*,名,*,*,,,
エレクトロニック ラビリンス,1288,1288,6058,名詞,固有名詞,*,名,*,*,,,
エントデッカー,1288,1288,6058,名詞,固有名詞,*,名,*,*,,,
オイそれはオレの魚だぜ！,1288,1288,6058,名詞,固有名詞,*,名,*,*,,,
王位継承,1288,1288,6058,名詞,固有名詞,*,名,*,*,,,
王と枢機卿,1288,1288,6058,名詞,固有名詞,*,名,*,*,,,
王への請願,1288,1288,6058,名詞,固有名詞,*,名,*,*,,,
大きさ比べ,1288,1288,6058,名詞,固有名詞,*,名,*,*,,,
お先に失礼しま～す,1288,1288,6058,名詞,固有名詞,*,名,*,*,,,
おしゃれパーティ,1288,1288,6058,名詞,固有名詞,*,名,*,*,,,
お邪魔者,1288,1288,6058,名詞,固有名詞,*,名,*,*,,,
お月さまバランスゲーム,1288,1288,6058,名詞,固有名詞,*,名,*,*,,,
おてんばモリー,1288,1288,6058,名詞,固有名詞,*,名,*,*,,,
おなじはど～れ,1288,1288,6058,名詞,固有名詞,*,名,*,*,,,
おばけキャッチ,1288,1288,6058,名詞,固有名詞,*,名,*,*,,,
おばけキャッチ名人技,1288,1288,6058,名詞,固有名詞,*,名,*,*,,,
おばけキャッチ２,1288,1288,6058,名詞,固有名詞,*,名,*,*,,,
オバケだぞ～,1288,1288,6058,名詞,固有名詞,*,名,*,*,,,
おばけの試験カードゲーム,1288,1288,6058,名詞,固有名詞,*,名,*,*,,,
オバケのみつけかた,1288,1288,6058,名詞,固有名詞,*,名,*,*,,,
オロンゴ,1288,1288,6058,名詞,固有名詞,*,名,*,*,,,
オール ザ ウェイ ホーム,1288,1288,6058,名詞,固有名詞,*,名,*,*,,,
オールドタウン,1288,1288,6058,名詞,固有名詞,*,名,*,*,,,
オーレ！,1288,1288,6058,名詞,固有名詞,*,名,*,*,,,
海賊組合,1288,1288,6058,名詞,固有名詞,*,名,*,*,,,
海賊ブラック,1288,1288,6058,名詞,固有名詞,*,名,*,*,,,
海底探検,1288,1288,6058,名詞,固有名詞,*,名,*,*,,,
カエサルとクレオパトラ,1288,1288,6058,名詞,固有名詞,*,名,*,*,,,
カカオ,1288,1288,6058,名詞,固有名詞,*,名,*,*,,,
カサブランカ,1288,1288,6058,名詞,固有名詞,*,名,*,*,,,
カシュガル,1288,1288,6058,名詞,固有名詞,*,名,*,*,,,
カジノパイレーツ,1288,1288,6058,名詞,固有名詞,*,名,*,*,,,
カタンの開拓者たち,1288,1288,6058,名詞,固有名詞,*,名,*,*,,,
カタンの開拓者たち拡張カタンの航海者たち,1288,1288,6058,名詞,固有名詞,*,名,*,*,,,
カッラーラ,1288,1288,6058,名詞,固有名詞,*,名,*,*,,,
カピトール,1288,1288,6058,名詞,固有名詞,*,名,*,*,,,
カフェインターナショナル,1288,1288,6058,名詞,固有名詞,*,名,*,*,,,
カフナ,1288,1288,6058,名詞,固有名詞,*,名,*,*,,,
カムバック,1288,1288,6058,名詞,固有名詞,*,名,*,*,,,
カヤナック,1288,1288,6058,名詞,固有名詞,*,名,*,*,,,
カラフルミミズ,1288,1288,6058,名詞,固有名詞,*,名,*,*,,,
カリブ,1288,1288,6058,名詞,固有名詞,*,名,*,*,,,
カルカソンヌ,1288,1288,6058,名詞,固有名詞,*,名,*,*,,,
カルタヘナ,1288,1288,6058,名詞,固有名詞,*,名,*,*,,,
カルナック,1288,1288,6058,名詞,固有名詞,*,名,*,*,,,
枯山水,1288,1288,6058,名詞,固有名詞,*,名,*,*,,,
カンパニー,1288,1288,6058,名詞,固有名詞,*,名,*,*,,,
カンパニーレ,1288,1288,6058,名詞,固有名詞,*,名,*,*,,,
カードカソンヌ,1288,1288,6058,名詞,固有名詞,*,名,*,*,,,
カール大帝,1288,1288,6058,名詞,固有名詞,*,名,*,*,,,
ガイスター,1288,1288,6058,名詞,固有名詞,*,名,*,*,,,
きかんしゃのぼうけん,1288,1288,6058,名詞,固有名詞,*,名,*,*,,,
気球で大空へ,1288,1288,6058,名詞,固有名詞,*,名,*,*,,,
木こり達人,1288,1288,6058,名詞,固有名詞,*,名,*,*,,,
貴族のつとめ,1288,1288,6058,名詞,固有名詞,*,名,*,*,,,
キャット＆チョコレート,1288,1288,6058,名詞,固有名詞,*,名,*,*,,,
キャニオン,1288,1288,6058,名詞,固有名詞,*,名,*,*,,,
キャプテン・リノ,1288,1288,6058,名詞,固有名詞,*,名,*,*,,,
キャメルアップ,1288,1288,6058,名詞,固有名詞,*,名,*,*,,,
キャラバンレース,1288,1288,6058,名詞,固有名詞,*,名,*,*,,,
キャントストップ,1288,1288,6058,名詞,固有名詞,*,名,*,*,,,
キルドクターラッキー,1288,1288,6058,名詞,固有名詞,*,名,*,*,,,
キレイがきらい,1288,1288,6058,名詞,固有名詞,*,名,*,*,,,
金角湾,1288,1288,6058,名詞,固有名詞,*,名,*,*,,,
キングダム,1288,1288,6058,名詞,固有名詞,*,名,*,*,,,
キングダムビルダー,1288,1288,6058,名詞,固有名詞,*,名,*,*,,,
キング ルイ,1288,1288,6058,名詞,固有名詞,*,名,*,*,,,
禁断の島,1288,1288,6058,名詞,固有名詞,*,名,*,*,,,
キーフラワー,1288,1288,6058,名詞,固有名詞,*,名,*,*,,,
ギプフ,1288,1288,6058,名詞,固有名詞,*,名,*,*,,,
ギャロップロイヤル,1288,1288,6058,名詞,固有名詞,*,名,*,*,,,
クアルト,1288,1288,6058,名詞,固有名詞,*,名,*,*,,,
クゥワークル,1288,1288,6058,名詞,固有名詞,*,名,*,*,,,
クウィックス,1288,1288,6058,名詞,固有名詞,*,名,*,*,,,
クォーリアーズ！,1288,1288,6058,名詞,固有名詞,*,名,*,*,,,
クオ ヴァディス,1288,1288,6058,名詞,固有名詞,*,名,*,*,,,
クク２１,1288,1288,6058,名詞,固有名詞,*,名,*,*,,,
クシディット王国記,1288,1288,6058,名詞,固有名詞,*,名,*,*,,,
クメル,1288,1288,6058,名詞,固有名詞,*,名,*,*,,,
クモの毒とカエルの鼻水,1288,1288,6058,名詞,固有名詞,*,名,*,*,,,
クランス,1288,1288,6058,名詞,固有名詞,*,名,*,*,,,
くるりんモグラ,1288,1288,6058,名詞,固有名詞,*,名,*,*,,,
クレイジーチキン,1288,1288,6058,名詞,固有名詞,*,名,*,*,,,
クレイジーレース,1288,1288,6058,名詞,固有名詞,*,名,*,*,,,
クレタ,1288,1288,6058,名詞,固有名詞,*,名,*,*,,,
クロンダイク,1288,1288,6058,名詞,固有名詞,*,名,*,*,,,
クー,1288,1288,6058,名詞,固有名詞,*,名,*,*,,,
クーハンデル,1288,1288,6058,名詞,固有名詞,*,名,*,*,,,
グラスロード,1288,1288,6058,名詞,固有名詞,*,名,*,*,,,
グレンモア,1288,1288,6058,名詞,固有名詞,*,名,*,*,,,
ケイラス,1288,1288,6058,名詞,固有名詞,*,名,*,*,,,
ケルト,1288,1288,6058,名詞,固有名詞,*,名,*,*,,,
ケルトカード,1288,1288,6058,名詞,固有名詞,*,名,*,*,,,
ケルト・スパイラル,1288,1288,6058,名詞,固有名詞,*,名,*,*,,,
ケルトタイル,1288,1288,6058,名詞,固有名詞,*,名,*,*,,,
ケルトダイス,1288,1288,6058,名詞,固有名詞,*,名,*,*,,,
ゲシェンク,1288,1288,6058,名詞,固有名詞,*,名,*,*,,,
交易王,1288,1288,6058,名詞,固有名詞,*,名,*,*,,,
古代ローマの新しいゲーム,1288,1288,6058,名詞,固有名詞,*,名,*,*,,,
コリドール,1288,1288,6058,名詞,固有名詞,*,名,*,*,,,
コルセア,1288,1288,6058,名詞,固有名詞,*,名,*,*,,,
コルトエクスプレス,1288,1288,6058,名詞,固有名詞,*,名,*,*,,,
コロレット,1288,1288,6058,名詞,固有名詞,*,名,*,*,,,
コンコルディア,1288,1288,6058,名詞,固有名詞,*,名,*,*,,,
コンセプト,1288,1288,6058,名詞,固有名詞,*,名,*,*,,,
コンタクトゲーム,1288,1288,6058,名詞,固有名詞,*,名,*,*,,,
コンテナ,1288,1288,6058,名詞,固有名詞,*,名,*,*,,,
コード破り,1288,1288,6058,名詞,固有名詞,*,名,*,*,,,
ごきぶりポーカー,1288,1288,6058,名詞,固有名詞,*,名,*,*,,,
ごちそうがこぼれちゃう！,1288,1288,6058,名詞,固有名詞,*,名,*,*,,,
５本のきゅうり,1288,1288,6058,名詞,固有名詞,*,名,*,*,,,
ゴールド,1288,1288,6058,名詞,固有名詞,*,名,*,*,,,
ゴールドアホイ,1288,1288,6058,名詞,固有名詞,*,名,*,*,,,
サイクルレース,1288,1288,6058,名詞,固有名詞,*,名,*,*,,,
サイトシーイング,1288,1288,6058,名詞,固有名詞,*,名,*,*,,,
砂漠を越えて,1288,1288,6058,名詞,固有名詞,*,名,*,*,,,
サフラニート,1288,1288,6058,名詞,固有名詞,*,名,*,*,,,
サムライ,1288,1288,6058,名詞,固有名詞,*,名,*,*,,,
サメ警報,1288,1288,6058,名詞,固有名詞,*,名,*,*,,,
産業の時代,1288,1288,6058,名詞,固有名詞,*,名,*,*,,,
サンクトペテルブルク,1288,1288,6058,名詞,固有名詞,*,名,*,*,,,
サンタクルーズ,1288,1288,6058,名詞,固有名詞,*,名,*,*,,,
三頭政治,1288,1288,6058,名詞,固有名詞,*,名,*,*,,,
サンドウィッチ,1288,1288,6058,名詞,固有名詞,*,名,*,*,,,
サンファン,1288,1288,6058,名詞,固有名詞,*,名,*,*,,,
サンマルコ,1288,1288,6058,名詞,固有名詞,*,名,*,*,,,
サンマロ,1288,1288,6058,名詞,固有名詞,*,名,*,*,,,
ザックンパック,1288,1288,6058,名詞,固有名詞,*,名,*,*,,,
ザーガランド,1288,1288,6058,名詞,固有名詞,*,名,*,*,,,
ザ ボス,1288,1288,6058,名詞,固有名詞,*,名,*,*,,,
シャシャワ,1288,1288,6058,名詞,固有名詞,*,名,*,*,,,
シャーロックホームズ１０の怪事件,1288,1288,6058,名詞,固有名詞,*,名,*,*,,,
シュティッヒルン,1288,1288,6058,名詞,固有名詞,*,名,*,*,,,
勝利への道,1288,1288,6058,名詞,固有名詞,*,名,*,*,,,
ショーマネージャー,1288,1288,6058,名詞,固有名詞,*,名,*,*,,,
シンコ,1288,1288,6058,名詞,固有名詞,*,名,*,*,,,
シーランド,1288,1288,6058,名詞,固有名詞,*,名,*,*,,,
ジェノバの商人,1288,1288,6058,名詞,固有名詞,*,名,*,*,,,
地獄の釜,1288,1288,6058,名詞,固有名詞,*,名,*,*,,,
ジャイプル,1288,1288,6058,名詞,固有名詞,*,名,*,*,,,
ジャストフォーファン,1288,1288,6058,名詞,固有名詞,*,名,*,*,,,
ジャングルスピード,1288,1288,6058,名詞,固有名詞,*,名,*,*,,,
ジャンボ,1288,1288,6058,名詞,固有名詞,*,名,*,*,,,
十二星座ゲーム,1288,1288,6058,名詞,固有名詞,*,名,*,*,,,
スコヴィル,1288,1288,6058,名詞,固有名詞,*,名,*,*,,,
スコットランドヤード,1288,1288,6058,名詞,固有名詞,*,名,*,*,,,
スチーム,1288,1288,6058,名詞,固有名詞,*,名,*,*,,,
スティッキー,1288,1288,6058,名詞,固有名詞,*,名,*,*,,,
ステステマーケティング,1288,1288,6058,名詞,固有名詞,*,名,*,*,,,
ストックパイル,1288,1288,6058,名詞,固有名詞,*,名,*,*,,,
ストーンエイジ,1288,1288,6058,名詞,固有名詞,*,名,*,*,,,
スピード,1288,1288,6058,名詞,固有名詞,*,名,*,*,,,
スプリングフィーバー,1288,1288,6058,名詞,固有名詞,*,名,*,*,,,
スペキュレーション,1288,1288,6058,名詞,固有名詞,*,名,*,*,,,
頭脳絶好調,1288,1288,6058,名詞,固有名詞,*,名,*,*,,,
ズライカ,1288,1288,6058,名詞,固有名詞,*,名,*,*,,,
ズーロレット,1288,1288,6058,名詞,固有名詞,*,名,*,*,,,
世界の七不思議,1288,1288,6058,名詞,固有名詞,*,名,*,*,,,
戦国時代,1288,1288,6058,名詞,固有名詞,*,名,*,*,,,
ゼヘツ,1288,1288,6058,名詞,固有名詞,*,名,*,*,,,
倉庫の街,1288,1288,6058,名詞,固有名詞,*,名,*,*,,,
宝の滝,1288,1288,6058,名詞,固有名詞,*,名,*,*,,,
タルバ,1288,1288,6058,名詞,固有名詞,*,名,*,*,,,
タンブリンダイス,1288,1288,6058,名詞,固有名詞,*,名,*,*,,,
ターギ,1288,1288,6058,名詞,固有名詞,*,名,*,*,,,
ターユー,1288,1288,6058,名詞,固有名詞,*,名,*,*,,,
大聖堂,1288,1288,6058,名詞,固有名詞,*,名,*,*,,,
大聖堂の建設,1288,1288,6058,名詞,固有名詞,*,名,*,*,,,
ダビデとゴリアテ,1288,1288,6058,名詞,固有名詞,*,名,*,*,,,
誰だったでしょう?,1288,1288,6058,名詞,固有名詞,*,名,*,*,,,
誰に乗る？,1288,1288,6058,名詞,固有名詞,*,名,*,*,,,
ダンジョンレイダース,1288,1288,6058,名詞,固有名詞,*,名,*,*,,,
小さなオバケ,1288,1288,6058,名詞,固有名詞,*,名,*,*,,,
小さな魔法使い,1288,1288,6058,名詞,固有名詞,*,名,*,*,,,
チェス,1288,1288,6058,名詞,固有名詞,*,名,*,*,,,
力持ちブルーノ,1288,1288,6058,名詞,固有名詞,*,名,*,*,,,
チグリスユーフラテス,1288,1288,6058,名詞,固有名詞,*,名,*,*,,,
チケットトゥライド,1288,1288,6058,名詞,固有名詞,*,名,*,*,,,
チャイナ,1288,1288,6058,名詞,固有名詞,*,名,*,*,,,
チャオチャオ,1288,1288,6058,名詞,固有名詞,*,名,*,*,,,
チャーリー,1288,1288,6058,名詞,固有名詞,*,名,*,*,,,
ちらかし放題,1288,1288,6058,名詞,固有名詞,*,名,*,*,,,
チーキーモンキー,1288,1288,6058,名詞,固有名詞,*,名,*,*,,,
チーズのお城,1288,1288,6058,名詞,固有名詞,*,名,*,*,,,
ツイクスト,1288,1288,6058,名詞,固有名詞,*,名,*,*,,,
ツインズ,1288,1288,6058,名詞,固有名詞,*,名,*,*,,,
ツォルキン,1288,1288,6058,名詞,固有名詞,*,名,*,*,,,
ツタンカーメン,1288,1288,6058,名詞,固有名詞,*,名,*,*,,,
冷たい料理の熱い戦い,1288,1288,6058,名詞,固有名詞,*,名,*,*,,,
ティンダハン,1288,1288,6058,名詞,固有名詞,*,名,*,*,,,
テトラコンボ,1288,1288,6058,名詞,固有名詞,*,名,*,*,,,
テネキー,1288,1288,6058,名詞,固有名詞,*,名,*,*,,,
テラノバ,1288,1288,6058,名詞,固有名詞,*,名,*,*,,,
テレストレーション,1288,1288,6058,名詞,固有名詞,*,名,*,*,,,
テーベの東,1288,1288,6058,名詞,固有名詞,*,名,*,*,,,
ディアボロ,1288,1288,6058,名詞,固有名詞,*,名,*,*,,,
ディヴィナーレ,1288,1288,6058,名詞,固有名詞,*,名,*,*,,,
ディクシット,1288,1288,6058,名詞,固有名詞,*,名,*,*,,,
ディスクショット,1288,1288,6058,名詞,固有名詞,*,名,*,*,,,
デッドマンズトレジャー,1288,1288,6058,名詞,固有名詞,*,名,*,*,,,
電力会社,1288,1288,6058,名詞,固有名詞,*,名,*,*,,,
トイレ,1288,1288,6058,名詞,固有名詞,*,名,*,*,,,
塔のゲーム,1288,1288,6058,名詞,固有名詞,*,名,*,*,,,
トランスアメリカ,1288,1288,6058,名詞,固有名詞,*,名,*,*,,,
トランスヨーロッパ,1288,1288,6058,名詞,固有名詞,*,名,*,*,,,
トランプ、トリック、ゲーム!,1288,1288,6058,名詞,固有名詞,*,名,*,*,,,
トレド,1288,1288,6058,名詞,固有名詞,*,名,*,*,,,
トレーダー,1288,1288,6058,名詞,固有名詞,*,名,*,*,,,
トンガボンガ,1288,1288,6058,名詞,固有名詞,*,名,*,*,,,
トーレス,1288,1288,6058,名詞,固有名詞,*,名,*,*,,,
銅鍋屋,1288,1288,6058,名詞,固有名詞,*,名,*,*,,,
どうぶつサッカー,1288,1288,6058,名詞,固有名詞,*,名,*,*,,,
どうぶつしょうぎ,1288,1288,6058,名詞,固有名詞,*,名,*,*,,,
髑髏と薔薇,1288,1288,6058,名詞,固有名詞,*,名,*,*,,,
ドミニオン,1288,1288,6058,名詞,固有名詞,*,名,*,*,,,
ドメモ,1288,1288,6058,名詞,固有名詞,*,名,*,*,,,
ドラえもんだらけ,1288,1288,6058,名詞,固有名詞,*,名,*,*,,,
ドラコ,1288,1288,6058,名詞,固有名詞,*,名,*,*,,,
ドラゴンディエゴ,1288,1288,6058,名詞,固有名詞,*,名,*,*,,,
ドラゴン島,1288,1288,6058,名詞,固有名詞,*,名,*,*,,,
ドラゴンの宝石,1288,1288,6058,名詞,固有名詞,*,名,*,*,,,
ドラダ,1288,1288,6058,名詞,固有名詞,*,名,*,*,,,
ドルメンの神々,1288,1288,6058,名詞,固有名詞,*,名,*,*,,,
ドルンター・ドルーバー,1288,1288,6058,名詞,固有名詞,*,名,*,*,,,
ドン,1288,1288,6058,名詞,固有名詞,*,名,*,*,,,
ナイアガラ,1288,1288,6058,名詞,固有名詞,*,名,*,*,,,
ナゲッツ,1288,1288,6058,名詞,固有名詞,*,名,*,*,,,
ナビゲーター,1288,1288,6058,名詞,固有名詞,*,名,*,*,,,
ナンジャモンジャ,1288,1288,6058,名詞,固有名詞,*,名,*,*,,,
ナンズオンザラン,1288,1288,6058,名詞,固有名詞,*,名,*,*,,,
ニムト,1288,1288,6058,名詞,固有名詞,*,名,*,*,,,
ニューイングランド,1288,1288,6058,名詞,固有名詞,*,名,*,*,,,
にわとりのしっぽ,1288,1288,6058,名詞,固有名詞,*,名,*,*,,,
ヌメリ,1288,1288,6058,名詞,固有名詞,*,名,*,*,,,
ねことねずみの大レース,1288,1288,6058,名詞,固有名詞,*,名,*,*,,,
ノイ,1288,1288,6058,名詞,固有名詞,*,名,*,*,,,
ノッティンガム,1288,1288,6058,名詞,固有名詞,*,名,*,*,,,
呪いのミイラ,1288,1288,6058,名詞,固有名詞,*,名,*,*,,,
ノートルダム,1288,1288,6058,名詞,固有名詞,*,名,*,*,,,
ハイパーロボット,1288,1288,6058,名詞,固有名詞,*,名,*,*,,,
ハイブ,1288,1288,6058,名詞,固有名詞,*,名,*,*,,,
ハゲタカの餌食,1288,1288,6058,名詞,固有名詞,*,名,*,*,,,
ハチエンダ,1288,1288,6058,名詞,固有名詞,*,名,*,*,,,
８０日間世界一周,1288,1288,6058,名詞,固有名詞,*,名,*,*,,,
花火,1288,1288,6058,名詞,固有名詞,*,名,*,*,,,
ハムスターロール,1288,1288,6058,名詞,固有名詞,*,名,*,*,,,
はやぶさ君の冒険,1288,1288,6058,名詞,固有名詞,*,名,*,*,,,
ハラリ,1288,1288,6058,名詞,固有名詞,*,名,*,*,,,
ハンザ,1288,1288,6058,名詞,固有名詞,*,名,*,*,,,
バウザック,1288,1288,6058,名詞,固有名詞,*,名,*,*,,,
バオバブ,1288,1288,6058,名詞,固有名詞,*,名,*,*,,,
爆発,1288,1288,6058,名詞,固有名詞,*,名,*,*,,,
バグダッドの盗賊,1288,1288,6058,名詞,固有名詞,*,名,*,*,,,
バケツくずし,1288,1288,6058,名詞,固有名詞,*,名,*,*,,,
バケツ消防士,1288,1288,6058,名詞,固有名詞,*,名,*,*,,,
バサリ,1288,1288,6058,名詞,固有名詞,*,名,*,*,,,
バックギャモン,1288,1288,6058,名詞,固有名詞,*,名,*,*,,,
バトルシープ,1288,1288,6058,名詞,固有名詞,*,名,*,*,,,
バトルフォーヒル218,1288,1288,6058,名詞,固有名詞,*,名,*,*,,,
バトルライン,1288,1288,6058,名詞,固有名詞,*,名,*,*,,,
ババンク,1288,1288,6058,名詞,固有名詞,*,名,*,*,,,
バベル,1288,1288,6058,名詞,固有名詞,*,名,*,*,,,
薔薇の名前,1288,1288,6058,名詞,固有名詞,*,名,*,*,,,
バルバロッサ,1288,1288,6058,名詞,固有名詞,*,名,*,*,,,
バルーンカップ,1288,1288,6058,名詞,固有名詞,*,名,*,*,,,
バロニィ,1288,1288,6058,名詞,固有名詞,*,名,*,*,,,
バントゥ,1288,1288,6058,名詞,固有名詞,*,名,*,*,,,
バンボレオ,1288,1288,6058,名詞,固有名詞,*,名,*,*,,,
万里の長城,1288,1288,6058,名詞,固有名詞,*,名,*,*,,,
BIRTH,1288,1288,6058,名詞,固有名詞,*,名,*,*,,,
パスティーシュ,1288,1288,6058,名詞,固有名詞,*,名,*,*,,,
パッチワーク,1288,1288,6058,名詞,固有名詞,*,名,*,*,,,
パトリツィア,1288,1288,6058,名詞,固有名詞,*,名,*,*,,,
パドブラ,1288,1288,6058,名詞,固有名詞,*,名,*,*,,,
パリス,1288,1288,6058,名詞,固有名詞,*,名,*,*,,,
パリスコネクション,1288,1288,6058,名詞,固有名詞,*,名,*,*,,,
パレオン,1288,1288,6058,名詞,固有名詞,*,名,*,*,,,
パレルモ,1288,1288,6058,名詞,固有名詞,*,名,*,*,,,
パレード,1288,1288,6058,名詞,固有名詞,*,名,*,*,,,
パンデミック,1288,1288,6058,名詞,固有名詞,*,名,*,*,,,
引き潮と満ち潮,1288,1288,6058,名詞,固有名詞,*,名,*,*,,,
羊ひったくり,1288,1288,6058,名詞,固有名詞,*,名,*,*,,,
ヒマラヤ,1288,1288,6058,名詞,固有名詞,*,名,*,*,,,
ビッグシティ,1288,1288,6058,名詞,固有名詞,*,名,*,*,,,
ビッグファイブ,1288,1288,6058,名詞,固有名詞,*,名,*,*,,,
ビッグポイント,1288,1288,6058,名詞,固有名詞,*,名,*,*,,,
ビブリオス,1288,1288,6058,名詞,固有名詞,*,名,*,*,,,
ビュッフェのたたかい,1288,1288,6058,名詞,固有名詞,*,名,*,*,,,
ビラボング,1288,1288,6058,名詞,固有名詞,*,名,*,*,,,
ビール侯爵,1288,1288,6058,名詞,固有名詞,*,名,*,*,,,
ピックス,1288,1288,6058,名詞,固有名詞,*,名,*,*,,,
ぴっぐテン,1288,1288,6058,名詞,固有名詞,*,名,*,*,,,
ピッチカー,1288,1288,6058,名詞,固有名詞,*,名,*,*,,,
ピッチカー拡張キット,1288,1288,6058,名詞,固有名詞,*,名,*,*,,,
ピット,1288,1288,6058,名詞,固有名詞,*,名,*,*,,,
ピラニアペドロ,1288,1288,6058,名詞,固有名詞,*,名,*,*,,,
ピーナッツ,1288,1288,6058,名詞,固有名詞,*,名,*,*,,,
ファウナ,1288,1288,6058,名詞,固有名詞,*,名,*,*,,,
ファブフィブ,1288,1288,6058,名詞,固有名詞,*,名,*,*,,,
ファラオの墓,1288,1288,6058,名詞,固有名詞,*,名,*,*,,,
ファンタジア,1288,1288,6058,名詞,固有名詞,*,名,*,*,,,
フィジー,1288,1288,6058,名詞,固有名詞,*,名,*,*,,,
フィストオブドラゴンストーンズ,1288,1288,6058,名詞,固有名詞,*,名,*,*,,,
フィット,1288,1288,6058,名詞,固有名詞,*,名,*,*,,,
フィヨルド,1288,1288,6058,名詞,固有名詞,*,名,*,*,,,
フィンカ,1288,1288,6058,名詞,固有名詞,*,名,*,*,,,
フェレータ,1288,1288,6058,名詞,固有名詞,*,名,*,*,,,
フォッペン,1288,1288,6058,名詞,固有名詞,*,名,*,*,,,
フォレショレ,1288,1288,6058,名詞,固有名詞,*,名,*,*,,,
フォーカス,1288,1288,6058,名詞,固有名詞,*,名,*,*,,,
フォーセール,1288,1288,6058,名詞,固有名詞,*,名,*,*,,,
フォーラム ロマナム,1288,1288,6058,名詞,固有名詞,*,名,*,*,,,
袋の中の猫フィロー,1288,1288,6058,名詞,固有名詞,*,名,*,*,,,
フビを捕まえろ！,1288,1288,6058,名詞,固有名詞,*,名,*,*,,,
フレスコ,1288,1288,6058,名詞,固有名詞,*,名,*,*,,,
フレッシュフィッシュ,1288,1288,6058,名詞,固有名詞,*,名,*,*,,,
ブクブク,1288,1288,6058,名詞,固有名詞,*,名,*,*,,,
豚小屋,1288,1288,6058,名詞,固有名詞,*,名,*,*,,,
ブラス,1288,1288,6058,名詞,固有名詞,*,名,*,*,,,
ブラックシープ,1288,1288,6058,名詞,固有名詞,*,名,*,*,,,
ブラフ,1288,1288,6058,名詞,固有名詞,*,名,*,*,,,
ブルゲンランド,1288,1288,6058,名詞,固有名詞,*,名,*,*,,,
ブルゴーニュ,1288,1288,6058,名詞,固有名詞,*,名,*,*,,,
ブループリント,1288,1288,6058,名詞,固有名詞,*,名,*,*,,,
ブルームーン,1288,1288,6058,名詞,固有名詞,*,名,*,*,,,
ブレーキングアウェイ,1288,1288,6058,名詞,固有名詞,*,名,*,*,,,
ブロエックス,1288,1288,6058,名詞,固有名詞,*,名,*,*,,,
ブロックス,1288,1288,6058,名詞,固有名詞,*,名,*,*,,,
ブントロンド,1288,1288,6058,名詞,固有名詞,*,名,*,*,,,
プエルトリコ,1288,1288,6058,名詞,固有名詞,*,名,*,*,,,
ヘキセンレンネン,1288,1288,6058,名詞,固有名詞,*,名,*,*,,,
ヘックメック,1288,1288,6058,名詞,固有名詞,*,名,*,*,,,
ヘルウィグ,1288,1288,6058,名詞,固有名詞,*,名,*,*,,,
へーゼルナッツの騎士,1288,1288,6058,名詞,固有名詞,*,名,*,*,,,
ベガス,1288,1288,6058,名詞,固有名詞,*,名,*,*,,,
ベッポ,1288,1288,6058,名詞,固有名詞,*,名,*,*,,,
ペッパー,1288,1288,6058,名詞,固有名詞,*,名,*,*,,,
ペルガモン,1288,1288,6058,名詞,固有名詞,*,名,*,*,,,
ペンギンパーティ,1288,1288,6058,名詞,固有名詞,*,名,*,*,,,
宝石の煌き,1288,1288,6058,名詞,固有名詞,*,名,*,*,,,
北西航路探検,1288,1288,6058,名詞,固有名詞,*,名,*,*,,,
ホテルサモア,1288,1288,6058,名詞,固有名詞,*,名,*,*,,,
ホプラディホプラダ,1288,1288,6058,名詞,固有名詞,*,名,*,*,,,
ホームステッダー,1288,1288,6058,名詞,固有名詞,*,名,*,*,,,
ボツワナ,1288,1288,6058,名詞,固有名詞,*,名,*,*,,,
ボトルインプ,1288,1288,6058,名詞,固有名詞,*,名,*,*,,,
ぼろ儲けカンパニー,1288,1288,6058,名詞,固有名詞,*,名,*,*,,,
ボードニムト,1288,1288,6058,名詞,固有名詞,*,名,*,*,,,
ボーナンザ,1288,1288,6058,名詞,固有名詞,*,名,*,*,,,
ポイズン,1288,1288,6058,名詞,固有名詞,*,名,*,*,,,
ポテトマン,1288,1288,6058,名詞,固有名詞,*,名,*,*,,,
ポラリティ,1288,1288,6058,名詞,固有名詞,*,名,*,*,,,
ポルターファス,1288,1288,6058,名詞,固有名詞,*,名,*,*,,,
ポートベローマーケット,1288,1288,6058,名詞,固有名詞,*,名,*,*,,,
マイス,1288,1288,6058,名詞,固有名詞,*,名,*,*,,,
マウアー,1288,1288,6058,名詞,固有名詞,*,名,*,*,,,
マエストロ,1288,1288,6058,名詞,固有名詞,*,名,*,*,,,
魔女の踊り,1288,1288,6058,名詞,固有名詞,*,名,*,*,,,
マニラ,1288,1288,6058,名詞,固有名詞,*,名,*,*,,,
マネー,1288,1288,6058,名詞,固有名詞,*,名,*,*,,,
魔法にかかったみたい,1288,1288,6058,名詞,固有名詞,*,名,*,*,,,
魔法の釜,1288,1288,6058,名詞,固有名詞,*,名,*,*,,,
魔法のコマ,1288,1288,6058,名詞,固有名詞,*,名,*,*,,,
魔法のラビリンス,1288,1288,6058,名詞,固有名詞,*,名,*,*,,,
マメじゃないよ,1288,1288,6058,名詞,固有名詞,*,名,*,*,,,
マルコポーロの足跡,1288,1288,6058,名詞,固有名詞,*,名,*,*,,,
マングロービア,1288,1288,6058,名詞,固有名詞,*,名,*,*,,,
マンハッタン,1288,1288,6058,名詞,固有名詞,*,名,*,*,,,
マンマミーア,1288,1288,6058,名詞,固有名詞,*,名,*,*,,,
マンモス,1288,1288,6058,名詞,固有名詞,*,名,*,*,,,
ミシシッピクイーン,1288,1288,6058,名詞,固有名詞,*,名,*,*,,,
ミスタージャック,1288,1288,6058,名詞,固有名詞,*,名,*,*,,,
ミステリウム,1288,1288,6058,名詞,固有名詞,*,名,*,*,,,
ミッドナイトパーティー,1288,1288,6058,名詞,固有名詞,*,名,*,*,,,
ミレグラツィエ,1288,1288,6058,名詞,固有名詞,*,名,*,*,,,
ムガル,1288,1288,6058,名詞,固有名詞,*,名,*,*,,,
ムッカパッツァ,1288,1288,6058,名詞,固有名詞,*,名,*,*,,,
村の人生,1288,1288,6058,名詞,固有名詞,*,名,*,*,,,
ムンドゥスノーヴス,1288,1288,6058,名詞,固有名詞,*,名,*,*,,,
メイクンブレイク,1288,1288,6058,名詞,固有名詞,*,名,*,*,,,
メキシカ,1288,1288,6058,名詞,固有名詞,*,名,*,*,,,
メディチ,1288,1288,6058,名詞,固有名詞,*,名,*,*,,,
メディチ対ストロッツィ,1288,1288,6058,名詞,固有名詞,*,名,*,*,,,
メディナ,1288,1288,6058,名詞,固有名詞,*,名,*,*,,,
メルクリウス,1288,1288,6058,名詞,固有名詞,*,名,*,*,,,
メンバーズオンリー,1288,1288,6058,名詞,固有名詞,*,名,*,*,,,
モダンアート,1288,1288,6058,名詞,固有名詞,*,名,*,*,,,
もっとホイップを,1288,1288,6058,名詞,固有名詞,*,名,*,*,,,
もっとよせて,1288,1288,6058,名詞,固有名詞,*,名,*,*,,,
モンスターがすむ家,1288,1288,6058,名詞,固有名詞,*,名,*,*,,,
モンテゴベイ,1288,1288,6058,名詞,固有名詞,*,名,*,*,,,
モンド,1288,1288,6058,名詞,固有名詞,*,名,*,*,,,
モンド サピエンス,1288,1288,6058,名詞,固有名詞,*,名,*,*,,,
ヤギ戦争,1288,1288,6058,名詞,固有名詞,*,名,*,*,,,
ヤギの愛,1288,1288,6058,名詞,固有名詞,*,名,*,*,,,
藪の中,1288,1288,6058,名詞,固有名詞,*,名,*,*,,,
闇の怪盗,1288,1288,6058,名詞,固有名詞,*,名,*,*,,,
郵便馬車,1288,1288,6058,名詞,固有名詞,*,名,*,*,,,
ユニオン パシフィック,1288,1288,6058,名詞,固有名詞,*,名,*,*,,,
指輪物語,1288,1288,6058,名詞,固有名詞,*,名,*,*,,,
夢見るドラゴン,1288,1288,6058,名詞,固有名詞,*,名,*,*,,,
ユリウスカエサル,1288,1288,6058,名詞,固有名詞,*,名,*,*,,,
酔いどれ猫のブルース,1288,1288,6058,名詞,固有名詞,*,名,*,*,,,
妖精奇譚,1288,1288,6058,名詞,固有名詞,*,名,*,*,,,
よくばりハムスター,1288,1288,6058,名詞,固有名詞,*,名,*,*,,,
余計な料理人,1288,1288,6058,名詞,固有名詞,*,名,*,*,,,
四匹いるよ,1288,1288,6058,名詞,固有名詞,*,名,*,*,,,
ラ チッタ,1288,1288,6058,名詞,固有名詞,*,名,*,*,,,
ラッキーナンバー,1288,1288,6058,名詞,固有名詞,*,名,*,*,,,
ラビリンス,1288,1288,6058,名詞,固有名詞,*,名,*,*,,,
ラブレター,1288,1288,6058,名詞,固有名詞,*,名,*,*,,,
ラミィキューブ,1288,1288,6058,名詞,固有名詞,*,名,*,*,,,
ラリーマン,1288,1288,6058,名詞,固有名詞,*,名,*,*,,,
ラングフィンガー,1288,1288,6058,名詞,固有名詞,*,名,*,*,,,
ラー,1288,1288,6058,名詞,固有名詞,*,名,*,*,,,
ラージャ,1288,1288,6058,名詞,固有名詞,*,名,*,*,,,
リシュリュー,1288,1288,6058,名詞,固有名詞,*,名,*,*,,,
リミット,1288,1288,6058,名詞,固有名詞,*,名,*,*,,,
ルッカチッタ,1288,1288,6058,名詞,固有名詞,*,名,*,*,,,
ルプスブルグ,1288,1288,6058,名詞,固有名詞,*,名,*,*,,,
ルミ,1288,1288,6058,名詞,固有名詞,*,名,*,*,,,
ルーニークエスト,1288,1288,6058,名詞,固有名詞,*,名,*,*,,,
レジスタンス,1288,1288,6058,名詞,固有名詞,*,名,*,*,,,
レミングス,1288,1288,6058,名詞,固有名詞,*,名,*,*,,,
レースギャロッポ,1288,1288,6058,名詞,固有名詞,*,名,*,*,,,
レーパーバーン,1288,1288,6058,名詞,固有名詞,*,名,*,*,,,
レーベンヘルツ,1288,1288,6058,名詞,固有名詞,*,名,*,*,,,
ロイヤルターフ,1288,1288,6058,名詞,固有名詞,*,名,*,*,,,
ロストシティ,1288,1288,6058,名詞,固有名詞,*,名,*,*,,,
ロスマンフォス,1288,1288,6058,名詞,固有名詞,*,名,*,*,,,
ロバの橋,1288,1288,6058,名詞,固有名詞,*,名,*,*,,,
ロンド,1288,1288,6058,名詞,固有名詞,*,名,*,*,,,
ローゼンケーニッヒ,1288,1288,6058,名詞,固有名詞,*,名,*,*,,,
ローマ水道,1288,1288,6058,名詞,固有名詞,*,名,*,*,,,
ワイン商,1288,1288,6058,名詞,固有名詞,*,名,*,*,,,
ワニに乗る？,1288,1288,6058,名詞,固有名詞,*,名,*,*,,,
ワルモノ2,1288,1288,6058,名詞,固有名詞,*,名,*,*,,,
ワンナイト人狼,1288,1288,6058,名詞,固有名詞,*,名,*,*,,,
ワードバスケット,1288,1288,6058,名詞,固有名詞,*,名,*,*,,,
